hash,received






















































































































231605f3f429e36f7fd90e6a08905b1ad649f11e63b2d4c84420b74b8bbb537c,2025-07-10T08:06:10.135345241Z
231605f3f429e36f7fd90e6a08905b1ad649f11e63b2d4c84420b74b8bbb537c,2025-07-10T08:06:10.135Z
231605f3f429e36f7fd90e6a08905b1ad649f11e63b2d4c84420b74b8bbb537c,2025-07-10T08:06:10.135Z
231605f3f429e36f7fd90e6a08905b1ad649f11e63b2d4c84420b74b8bbb537c,2025-07-10T08:06:10.135345241Z
231605f3f429e36f7fd90e6a08905b1ad649f11e63b2d4c84420b74b8bbb537c,2025-07-10T08:06:10.135Z
231605f3f429e36f7fd90e6a08905b1ad649f11e63b2d4c84420b74b8bbb537c,2025-07-10T08:06:10.135Z
231605f3f429e36f7fd90e6a08905b1ad649f11e63b2d4c84420b74b8bbb537c,2025-07-10T08:06:10.135Z
231605f3f429e36f7fd90e6a08905b1ad649f11e63b2d4c84420b74b8bbb537c,2025-07-10T08:06:10.135Z
231605f3f429e36f7fd90e6a08905b1ad649f11e63b2d4c84420b74b8bbb537c,2025-07-10T08:06:10.135Z
