block, hash
14555941,695649a55a076589e4aa3aaf85a10209f7c36c66afc35a58af24ad84baa5921d
14555941,e29bd115b3b43ba249e21620ab11d1f7a69ed627a0f42cd5626703e655d3d043
14555941,b693c78cd8ce7ad7c8b11089f6e0942218270a657e8cb41efc53dfd5df6924f9
14555941,bf51fe4a6a27e53e1b25d6f9932c5e3d00729d37a931dcb7fc34bbb9738f2d2b
14555941,fb79f3159fc2d3deb7516c3b90c1e02482c4d0c1d268abced12c301bae3510f2
14555941,95abeb9546f0834653d87994ebbdbf178682ef3a2e1e0b3c01fd1d4ecd6249a6
14555941,139cafe074c40c0509256b06f64ac26942eeac228311d5af1e236915928ba20c
14555941,a6b2369a9fe97c10cf5a9a3612a6c44d1365b06c54a4bda3290b8de55261cdbc
14555941,9995fa6fb9a107f75ae678396b8db7bd755e329b1d548ef653c0e75d961356eb
14555941,3b365f5cee04860b5a359f81363d7f5b807626b703574b5708d35a084fde70f0
