block_height,hash,received_origin,received,confirmed,fees,gas_fee_cap,gas_price,gas_tip_cap,gas_used
22022976,82cf69b397ad11bfe39baa53f7b9903f67b35114f479aaca771284525c932915,2025-03-11T10:17:25.778Z,2025-03-11T10:17:25.778Z,2025-03-11T10:17:35Z,120452606379000,5941040079,5941040079,5000000000,21000
22022988,e29fe804471b985e5e10f82ceea7471a03b46973bbe76707828303eec52bc578,2025-03-11T10:19:51.374Z,2025-03-11T10:19:51.374Z,2025-03-11T10:19:59Z,540088000000000,8000000000,8000000000,8000000000,67511
22022988,ef8ef898c7dff0cd2ce85ae96b477c1ae9917c551873caebbb9fab5fa08b6fe3,2025-03-11T10:19:51.158Z,2025-03-11T10:19:51.158Z,2025-03-11T10:19:59Z,539992000000000,8000000000,8000000000,8000000000,67499
22022988,5c418a7cf45d7de002e6f65a14276f66c4777c094f95a0dd3eb512903a18452e,2025-03-11T10:19:51.067Z,2025-03-11T10:19:51.067Z,2025-03-11T10:19:59Z,55662558924000,999000000000,999000000000,2001000000,21000
22022988,41d59b327271b7217a93d434be0bf532510d59c99131457d9cfc07bd1b7d7f53,2025-03-11T10:19:51.022Z,2025-03-11T10:19:51.022Z,2025-03-11T10:19:59Z,539992000000000,8000000000,8000000000,8000000000,67499
22022988,7ecbf99d5414c9454239b8fef9a696aaf8e7e2765acf4ac364329b668c70e6d7,2025-03-11T10:19:51.02Z,2025-03-11T10:19:51.02Z,2025-03-11T10:19:59Z,496079576085608,20649598044,20649598044,10000000000,46582
22022988,9e88bb9afb8b805b44576d01864c90a5397a4ea66621574e98a069008516dead,2025-03-11T10:19:50.716Z,2025-03-11T10:19:50.716Z,2025-03-11T10:19:59Z,539896000000000,8000000000,8000000000,8000000000,67487
22022988,20ceb3b5e7dbd21994d618b03ef6559a1576097f9fd64423708d27652cbaf3db,2025-03-11T10:19:50.48Z,2025-03-11T10:19:50.48Z,2025-03-11T10:19:59Z,540088000000000,8000000000,8000000000,8000000000,67511
22022988,dd539df76c22e137b5bc5f5bc7c30ad66a34ff1b9e0f96620e117baff154a06a,2025-03-11T10:19:50.416Z,2025-03-11T10:19:50.416Z,2025-03-11T10:19:59Z,55641558924000,502000000000,502000000000,2000000000,21000
22022988,f223c7405e3d1fc93bb70bb4014459ce812132867dbe0431a375836a39d4e096,2025-03-11T10:19:49.901Z,2025-03-11T10:19:49.901Z,2025-03-11T10:19:59Z,34779804876124,5692100000,5692100000,192100000,41321
22022988,f223c7405e3d1fc93bb70bb4014459ce812132867dbe0431a375836a39d4e096,2025-03-11T10:19:49.901Z,2025-03-11T10:19:49.901Z,2025-03-11T10:19:59Z,34779804876124,5692100000,5692100000,192100000,41321
22022988,52f7a455c4068b3c065075eafade17e7b91b7e12d3bfae0a72527baf1e4def39,2025-03-11T10:19:49.739Z,2025-03-11T10:19:49.739Z,2025-03-11T10:19:59Z,174241305873499,5714141143,5714141143,5714141143,30493
22022993,a8831b45403a1508bddeeaf3ca56099e0992a1855c9bc452957f33c1103266b3,2025-03-11T10:20:53.967Z,2025-03-11T10:20:53.967Z,2025-03-11T10:20:59Z,134180338377305,20739359576,20739359576,10000000,178981
22022993,bb7a1118abc114736be91158ee070df780e0b6bfa7e5997d0844df7d5cc64bf4,2025-03-11T10:20:53.632Z,2025-03-11T10:20:53.632Z,2025-03-11T10:20:59Z,122070373593000,5812874933,5812874933,5812874933,21000
22022993,679bdbbd37650cbed7aeb895b72bdad86d365cfb4ac15a53ee0f25f50176fe25,2025-03-11T10:20:53.53Z,2025-03-11T10:20:53.53Z,2025-03-11T10:20:59Z,57533498505000,102000000000,102000000000,2000000000,21000
22022993,afa489c051cd51418d7aa65fa720489b39d542aa5a326cbbd50389671adac7e1,2025-03-11T10:20:53.187Z,2025-03-11T10:20:53.187Z,2025-03-11T10:20:59Z,113173870940145,8662495261,8662495261,2000000000,41309
22022993,cdb8513e836414a67d6bae0708a9d267e5fa098a45aed0d5d3c68196d034e578,2025-03-11T10:20:51.148Z,2025-03-11T10:20:51.148Z,2025-03-11T10:20:59Z,126357261169005,102000000000,102000000000,2000000000,46121
22022993,66e31b291cd28db5f1b592458dfa23aea86a60b500ec7b2400687fd6326d0307,2025-03-11T10:20:50.429Z,2025-03-11T10:20:50.429Z,2025-03-11T10:20:59Z,57533498505000,502000000000,502000000000,2000000000,21000
22022993,bb7a1118abc114736be91158ee070df780e0b6bfa7e5997d0844df7d5cc64bf4,2025-03-11T10:20:53.632Z,2025-03-11T10:20:53.632Z,2025-03-11T10:20:59Z,122070373593000,5812874933,5812874933,5812874933,21000
22022993,679bdbbd37650cbed7aeb895b72bdad86d365cfb4ac15a53ee0f25f50176fe25,2025-03-11T10:20:53.53Z,2025-03-11T10:20:53.53Z,2025-03-11T10:20:59Z,57533498505000,102000000000,102000000000,2000000000,21000
22022993,afa489c051cd51418d7aa65fa720489b39d542aa5a326cbbd50389671adac7e1,2025-03-11T10:20:53.187Z,2025-03-11T10:20:53.187Z,2025-03-11T10:20:59Z,113173870940145,8662495261,8662495261,2000000000,41309
22022993,cdb8513e836414a67d6bae0708a9d267e5fa098a45aed0d5d3c68196d034e578,2025-03-11T10:20:51.148Z,2025-03-11T10:20:51.148Z,2025-03-11T10:20:59Z,126357261169005,102000000000,102000000000,2000000000,46121
22022993,66e31b291cd28db5f1b592458dfa23aea86a60b500ec7b2400687fd6326d0307,2025-03-11T10:20:50.429Z,2025-03-11T10:20:50.429Z,2025-03-11T10:20:59Z,57533498505000,502000000000,502000000000,2000000000,21000
22022993,945c65e31673a903c0419f15ed6f01451f5dd78f7e5609ad178e1d57bb42fcc1,2025-03-11T10:20:49.627Z,2025-03-11T10:20:49.627Z,2025-03-11T10:20:59Z,35981959260940,5652100000,5652100000,152100000,40348
22022992,dd970a51c95be0bfb881377aa85c720509f14758198c89c831e6486e98ac7cee,2025-03-11T10:20:47.252Z,2025-03-11T10:20:47.252Z,2025-03-11T10:20:47Z,261725982105576,8731184351,8731184351,8000000000,29976
22022992,a12597481930a07a5386e4c224a676340ab3a315908664c17983aca85b3ecb8a,2025-03-11T10:20:46.863Z,2025-03-11T10:20:46.863Z,2025-03-11T10:20:47Z,101411892158008,102000000000,102000000000,2000000000,37033
22023170,deec9022d83626f154f7f13d2af9f88d1817f1418a3f06bffcb3e7309973ba2f,2025-03-11T10:56:20.769Z,2025-03-11T10:56:20.769Z,2025-03-11T10:56:23Z,1039297840778592,11080879401,11080879401,3693626467,93792
22023170,30ac22f87ac192cd0d6ad52253904f8c5ea5b8bb2578d6d19176a8bc02f8fc53,2025-03-11T10:56:20.656Z,2025-03-11T10:56:20.656Z,2025-03-11T10:56:23Z,46358646078085,500000000000,500000000000,1000000000,29755
22023170,3e0a59173c1d43aed002a8ad014a0da26a0b5f1f38b5dc81aa2090eeffeceeae,2025-03-11T10:56:20.526Z,2025-03-11T10:56:20.526Z,2025-03-11T10:56:23Z,26041781735840,8157966830,8157966830,100940000,39520
22023170,62c55886866bb36d73894eff41a65cd66f531451a67eee8266942cd721a4f17f,2025-03-11T10:56:20.519Z,2025-03-11T10:56:20.519Z,2025-03-11T10:56:23Z,29766178253324,8157966830,8157966830,100940000,45172
22023170,c15db60d3533a4b5a17a83ceae2d941f0243858c90ee5ddb10cf5c148a05c728,2025-03-11T10:56:20.477Z,2025-03-11T10:56:20.477Z,2025-03-11T10:56:23Z,53718251307000,502000000000,502000000000,2000000000,21000
22023170,d84d6a23dc706c44b1f27fb5253c927477c6829c4e7da5bb6a3864a3000e122c,2025-03-11T10:56:20.439Z,2025-03-11T10:56:20.439Z,2025-03-11T10:56:23Z,53718251307000,502000000000,502000000000,2000000000,21000
22023170,9607b2364941258d1ba81bb953e3dc04f4c6c8a455091e2d4aa01a95147f6c9b,2025-03-11T10:56:18.964Z,2025-03-11T10:56:18.964Z,2025-03-11T10:56:23Z,53739251307000,999000000000,999000000000,2001000000,21000
22023170,a6cff3a1e936366c2de1bdb3308eda0d3a72e89df44f40be03fbf21749ed4da3,2025-03-11T10:56:16.844Z,2025-03-11T10:56:16.844Z,2025-03-11T10:56:23Z,117978069930007,200000000000,200000000000,2000000000,46121
22023170,caf786325d06a1d307095e29eeec7a1e6b27c230d6a9a5b7cd588a0aac062753,2025-03-11T10:56:15.02Z,2025-03-11T10:56:15.02Z,2025-03-11T10:56:23Z,88896031877184,102000000000,102000000000,2000000000,34752
22023170,9f20e846220cc44c2e576bfd88a8cb24ba005cf7b42a19923def9d96cd501e79,2025-03-11T10:56:14.793Z,2025-03-11T10:56:14.793Z,2025-03-11T10:56:23Z,53718251307000,102000000000,102000000000,2000000000,21000
22023174,5fe05e418b821407e1b1d350415d9965b3dfb360bf0d0c8ef797e0491c76ff03,2025-03-11T10:57:01.303Z,2025-03-11T10:57:01.303Z,2025-03-11T10:57:11Z,93115468239747,200000000000,200000000000,1000000000,56569
22023173,5f877b5f2882ffba1dc7676745ca68ae2750ec0f1a305b3ccdb346a0e4d119d7,2025-03-11T10:57:00.108Z,2025-03-11T10:57:00.108Z,2025-03-11T10:56:59Z,164015933892208,502000000000,502000000000,2000000000,63209
22023173,b536e1c3a5ed0b0cd10529f819317dc8517ed12d6a8bc1603acef8dfb189a74e,2025-03-11T10:57:00.009Z,2025-03-11T10:57:00.009Z,2025-03-11T10:56:59Z,54491205552000,102000000000,102000000000,2000000000,21000
22023173,e1ccb1fde4cdd19c147c84dc483a3d64ecb5548272eb44a84a0caf7735adb045,2025-03-11T10:56:59.545Z,2025-03-11T10:56:59.545Z,2025-03-11T10:56:59Z,89560188553680,102000000000,102000000000,2000000000,34515
22023173,d89d40d38874e4ab1284904dbd8addcbac4186a03b27280d34959df00a1469d8,2025-03-11T10:56:59.526Z,2025-03-11T10:56:59.526Z,2025-03-11T10:56:59Z,164015933892208,502000000000,502000000000,2000000000,63209
22023173,e25fb47b09ee727d7c142129375611ca504d8825beb827946543ba679089efe9,2025-03-11T10:56:59.518Z,2025-03-11T10:56:59.518Z,2025-03-11T10:56:59Z,119644523657008,502000000000,502000000000,2000000000,46109
22023173,2dec99251eb154d77bca996e661a1ac3b71099ba509fe89e2283e54ecfcf6736,2025-03-11T10:56:59.029Z,2025-03-11T10:56:59.029Z,2025-03-11T10:56:59Z,210000000000000,10000000000,10000000000,10000000000,21000
22023173,4f3048d6db0782e053b4c2636980150d1aa3b7e3501ecd4563acce0600d8d76d,2025-03-11T10:56:58.701Z,2025-03-11T10:56:58.701Z,2025-03-11T10:56:59Z,119675661488752,502000000000,502000000000,2000000000,46121
22023173,17ebabd025b417f5590d698f9a8aa9046a5e97e6a32d3e4a9524470645891733,2025-03-11T10:56:58.686Z,2025-03-11T10:56:58.686Z,2025-03-11T10:56:59Z,164015933892208,502000000000,502000000000,2000000000,63209
22023173,c1d2a6976554c2a5441a4d86e908daedf596807ed33879b2daaece8a5fe0a49b,2025-03-11T10:56:57.607Z,2025-03-11T10:56:57.607Z,2025-03-11T10:56:59Z,119613385825264,200000000000,200000000000,2000000000,46097
22023175,e83db3f410af84217b2c82b1e0ad3a56abcc93f37eda321ccf83754b27893b1e,2025-03-11T10:57:22.619Z,2025-03-11T10:57:22.619Z,2025-03-11T10:57:23Z,226322788106520,16303876630,16303876630,5010000000,40008
22023175,d4f1b866ae6028a8a9ab5ce805002c737b84620ce825b617c6ba129037cc54c1,2025-03-11T10:57:20.843Z,2025-03-11T10:57:20.843Z,2025-03-11T10:57:23Z,49826644858560,7978796560,7978796560,100940000,66624
22023175,893c4e84d8671819e12fd3cb2f58c17e8566dd5e15f1679347e17d98725efd72,2025-03-11T10:57:20.671Z,2025-03-11T10:57:20.671Z,2025-03-11T10:57:23Z,2316643040535560,10656051163,10656051163,10000000,3526424
22023175,331a2269e5f887f8b4d079184ede3d95cb1f83d81f69dbf9f57ea77540530f1d,2025-03-11T10:57:20.598Z,2025-03-11T10:57:20.598Z,2025-03-11T10:57:23Z,1039297840778592,11080879401,11080879401,3693626467,93792
22023175,bae28e389faafaa6b84bff1332cc23fbf753714ec0f41e3c910ff2d6320e84d7,2025-03-11T10:57:19.336Z,2025-03-11T10:57:19.336Z,2025-03-11T10:57:23Z,118586814423000,5646991163,5646991163,5646991163,21000
22023175,a3d2ecfc964ce62740bf4c391b684c06bc30e8aac9ac7feab99a8b46e8274411,2025-03-11T10:57:18.732Z,2025-03-11T10:57:18.732Z,2025-03-11T10:57:23Z,55585704615000,182000000000,182000000000,2000000000,21000
22023175,fe42b84fc4ee23b5a026c7ac16d89256906ffa4623c920356e066d86ef946764,2025-03-11T10:57:17.553Z,2025-03-11T10:57:17.553Z,2025-03-11T10:57:23Z,76585704615000,22000000000,22000000000,3000000000,21000
22023175,64dad717c627ed8cacbf9919c3445ec7e889293594127ca96743b9300e62376b,2025-03-11T10:57:17.074Z,2025-03-11T10:57:17.074Z,2025-03-11T10:57:23Z,55585704615000,12000000000,12000000000,2000000000,21000
22023175,fe30ef39e3671a7cc26f0d5b169a93f0189ad277b793b9462ed6c8a2a5406b61,2025-03-11T10:57:16.068Z,2025-03-11T10:57:16.068Z,2025-03-11T10:57:23Z,167310323952835,6875000000,6875000000,2000000000,63209
22023175,900927e42af1a0b10578954bed0501234700ea072792e6447febb3bd869e5c91,2025-03-11T10:57:15.504Z,2025-03-11T10:57:15.504Z,2025-03-11T10:57:23Z,26185704615000,180600000000,180600000000,600000000,21000
22023213,414f51c93e94a28c9d9a69309431fa0376dd7415aa1d39fc7be4037c25befa3b,2025-03-11T11:04:50.55Z,2025-03-11T11:04:50.55Z,2025-03-11T11:04:59Z,54103823907000,502000000000,502000000000,2000000000,21000
22023213,565466a3d6373653bed785c0e512fb257caf958a597d4ac56e9a492e885b782a,2025-03-11T11:04:50.519Z,2025-03-11T11:04:50.519Z,2025-03-11T11:04:59Z,54103823907000,502000000000,502000000000,2000000000,21000
22023213,33bef451e874bb7b1bfa0b335a8f5430b81a3aed46ecaf2ed8ff8add51b1702a,2025-03-11T11:04:50.459Z,2025-03-11T11:04:50.459Z,2025-03-11T11:04:59Z,54103823907000,502000000000,502000000000,2000000000,21000
22023213,b371cd8fc21f115229bd40eebc74b5a6af2cfd0dda3a19ba524026ad2a5f5c94,2025-03-11T11:04:50.049Z,2025-03-11T11:04:50.049Z,2025-03-11T11:04:59Z,54124823907000,999000000000,999000000000,2001000000,21000
22023213,27d3b52a9439b2c91e495ed3ba74928131d77daf56d302e6ac3f4e6fc8979bbf,2025-03-11T11:04:49.322Z,2025-03-11T11:04:49.322Z,2025-03-11T11:04:59Z,13153823907000,1000000000000,1000000000000,50000000,21000
22023212,6ed7665fe655c37f9a93c89d7ab380dfe03c734121998da22dd7267647d6bc88,2025-03-11T11:04:45.938Z,2025-03-11T11:04:45.938Z,2025-03-11T11:04:47Z,116683077096768,102000000000,102000000000,2000000000,45136
22023212,17e5f885a88053d901ccf1e4aa0e6c5320f15e7d8043ca039c1bff68ad4f3165,2025-03-11T11:04:45.909Z,2025-03-11T11:04:45.909Z,2025-03-11T11:04:47Z,163404391621092,102000000000,102000000000,2000000000,63209
22023212,cb4c99dc1506a64a4bbd7dc0e8a5019b146578db334a416dafe632284b5b7c53,2025-03-11T11:04:45.791Z,2025-03-11T11:04:45.791Z,2025-03-11T11:04:47Z,54288032148000,102000000000,102000000000,2000000000,21000
22023212,602e725f38042408dd9e10deac755e3c04d04ef4b1399e58016ac71d9e05aa76,2025-03-11T11:04:45.782Z,2025-03-11T11:04:45.782Z,2025-03-11T11:04:47Z,315630000000000,15030000000,15030000000,5010000000,21000
22023212,56b287518a96e628e98cf5135291932f3c5514cd334e292e1df4d50163d49d8b,2025-03-11T11:04:45.774Z,2025-03-11T11:04:45.774Z,2025-03-11T11:04:47Z,12417902805000,125000000000,125000000000,6184317,21000
22023217,5347d8ff23ee3e4eefdaea5f2cb0b4c132091366d7dc5d5674367705e9300f97,2025-03-11T11:05:47.19Z,2025-03-11T11:05:47.19Z,2025-03-11T11:05:47Z,54431394675000,102000000000,102000000000,2000000000,21000
22023217,1ded1b05a1342c6b93baeca7e296247d2daaeb56e6f7cf2e50c072e36c2e8400,2025-03-11T11:05:45.509Z,2025-03-11T11:05:45.509Z,2025-03-11T11:05:47Z,54431394675000,502000000000,502000000000,2000000000,21000
22023217,3ab8db0ed4100d747117eadc2a94d30af9406825daad5272f3011c9c250f3c7f,2025-03-11T11:05:44.618Z,2025-03-11T11:05:44.618Z,2025-03-11T11:05:47Z,380203418648640,6648772710,6648772710,6648772710,57184
22023217,a20fadc0c50132a76a0fe5ac8625804e5a6a925b1514a9e00ac5b7e5aa66a58b,2025-03-11T11:05:44.22Z,2025-03-11T11:05:44.22Z,2025-03-11T11:05:47Z,380283203921160,6648772710,6648772710,6648772710,57196
22023217,b720cf93714483a02f95290d43774d6b11d6ec7525f03f20ac50430f485751c1,2025-03-11T11:05:42.615Z,2025-03-11T11:05:42.615Z,2025-03-11T11:05:47Z,118604486910000,5647832710,5647832710,5647832710,21000
22023219,902c3be44170f13bf331a40a48e45ca0dfc4f080b4e78108f594a1bc879afecd,2025-03-11T11:05:42.209Z,2025-03-11T11:05:42.209Z,2025-03-11T11:06:23Z,315630000000000,15030000000,15030000000,5010000000,21000
22023217,f81cecc4dcc7e7d515e5ab00f2b6a1242f6f4a167c284b14fc95ae9b12dd128c,2025-03-11T11:05:42.146Z,2025-03-11T11:05:42.146Z,2025-03-11T11:05:47Z,26804214437100,500000000000,500000000000,1410000,45172
22023217,a2a13b9dcee0ada323a5dfa46a657424df064b9a7f148c3fa703a3b557d62719,2025-03-11T11:05:41.227Z,2025-03-11T11:05:41.227Z,2025-03-11T11:05:47Z,163835906000575,102000000000,102000000000,2000000000,63209
22023217,66f9e7fa909f89c47f18c1fc5922fe677d4bb7395519170cd683584aa1d7d265,2025-03-11T11:05:41.018Z,2025-03-11T11:05:41.018Z,2025-03-11T11:05:47Z,252000000000000,12000000000,12000000000,12000000000,21000
22023217,f4e3b3a8b34da0cc4fcb0a72b2bec8df8c835c10cd0abe2858da1f4f0f46df73,2025-03-11T11:05:40.846Z,2025-03-11T11:05:40.846Z,2025-03-11T11:05:47Z,95524505683450,102000000000,102000000000,2000000000,36854
22023220,834cfc7fb795b4da320c433b56f4053c4330fdbf04d7cc713892080146d3515d,2025-03-11T11:06:10.403Z,2025-03-11T11:06:10.403Z,2025-03-11T11:06:35Z,13860126210000,35661642878,35661642878,4959059,21000
22023219,6df6bccf0e36522a0ccd0afac83d621cb8c880ee55cc1ca72d3dfed8fb5d9cbc,2025-03-11T11:06:09.946Z,2025-03-11T11:06:09.946Z,2025-03-11T11:06:23Z,248081749152062,5876361190,5876361190,5000000000,44441
22023219,7be9f4e9691e09e111b30fc384f2086c56000d7e235c7fb5168dc81b9601f3da,2025-03-11T11:06:08.882Z,2025-03-11T11:06:08.882Z,2025-03-11T11:06:23Z,195318114378198,5876361190,5876361190,5000000000,34989
22023219,7cb66a4cdb839ec180aaa60f01e4c90db8c7f2efe656b904a1836d1d0556d329,2025-03-11T11:06:08.822Z,2025-03-11T11:06:08.822Z,2025-03-11T11:06:23Z,54227711622000,6875000000,6875000000,2000000000,21000
22023219,f92982753f51bd89907fb45bb51ab984097ead0fe9721c84dbf4329aadf4755f,2025-03-11T11:06:08.737Z,2025-03-11T11:06:08.737Z,2025-03-11T11:06:23Z,597891259265166,5206569999,5206569999,3478730022,114834
22023219,fc82c2e3de200bc658ed097bcae49e415b9c26293d250c6f70547112434e0f73,2025-03-11T11:06:08.68Z,2025-03-11T11:06:08.68Z,2025-03-11T11:06:23Z,12437711622000,75000000000,75000000000,10000000,21000
22023219,efe780f018f6e16eb06a19009f659eff5c47bdcb716b6dfbd5de25b8fee5a4f3,2025-03-11T11:06:08.532Z,2025-03-11T11:06:08.532Z,2025-03-11T11:06:23Z,163222829710238,200000000000,200000000000,2000000000,63209
22023219,a525aac42767bf46efb0cfd67da2a36290e3359345a174089193b9df8ab5249f,2025-03-11T11:06:08.437Z,2025-03-11T11:06:08.437Z,2025-03-11T11:06:23Z,3568686000000000,33000000000,33000000000,3000000000,108142
22023219,7ef839b5fb9f250043e2522c1f773662c4dcb2a46c36a0ba167251ac0ffdfa2a,2025-03-11T11:06:08.306Z,2025-03-11T11:06:08.306Z,2025-03-11T11:06:23Z,54227711622000,102000000000,102000000000,2000000000,21000
22023219,0ef004b7cac9a48130b8da3a5ef5dcf07d9cdf5eab3df3a992ae832d97aadd60,2025-03-11T11:06:08.271Z,2025-03-11T11:06:08.271Z,2025-03-11T11:06:23Z,58427711622000,15000000000,15000000000,2200000000,21000
22023221,a39f51ad55eaac75e376b6ec817c1d2f47e64bf060085c9a05ca7a273df139f5,2025-03-11T11:06:37.003Z,2025-03-11T11:06:37.003Z,2025-03-11T11:06:47Z,295065078305214,8583211982,8583211982,8000000000,34377
22023221,df7b29934cb0429ae4b54c4d972cf014539849ca143d938bb077b6640131d87f,2025-03-11T11:06:37.003Z,2025-03-11T11:06:37.003Z,2025-03-11T11:06:47Z,257290362372432,8583211982,8583211982,8000000000,29976
22023220,12580f19647602a36f607836fc9810b86ae9adb113e3ba524c8fb433a8122e57,2025-03-11T11:06:35.951Z,2025-03-11T11:06:35.951Z,2025-03-11T11:06:35Z,20055985971000,5800000000,5800000000,300000000,21000
22023220,1ee3a8c44a737469cd34ad8cacfb15a0c128484bdddd475951323d45f56229a2,2025-03-11T11:06:35.888Z,2025-03-11T11:06:35.888Z,2025-03-11T11:06:35Z,20055985971000,5800000000,5800000000,300000000,21000
22023220,4e1ad1d9aba3323e92bcd815088ed6d86f4fd6b5b601288421b73992edb829c7,2025-03-11T11:06:35.88Z,2025-03-11T11:06:35.88Z,2025-03-11T11:06:35Z,20055985971000,5800000000,5800000000,300000000,21000
22023220,f8ba256e0700b3ac22c2bb4adb6de13b9d961b89dc07611251c163254a81db39,2025-03-11T11:06:35.524Z,2025-03-11T11:06:35.524Z,2025-03-11T11:06:35Z,20055985971000,5800000000,5800000000,300000000,21000
22023220,cdffc4613f3839f50147bcbc08c0fe53694ffb94d691258f02357bcaf2a357d5,2025-03-11T11:06:35.507Z,2025-03-11T11:06:35.507Z,2025-03-11T11:06:35Z,20055985971000,5800000000,5800000000,300000000,21000
22023220,dbc398ee52a20ff613e597f78065780fc22a5f2e6af9ad0927aa47466649ff91,2025-03-11T11:06:35.5Z,2025-03-11T11:06:35.5Z,2025-03-11T11:06:35Z,20055985971000,5800000000,5800000000,300000000,21000
22023220,3ac1ef005185a7f3cbe040a9017934016c4a8f1c2ab7edfd1d886aae293cc21a,2025-03-11T11:06:35.472Z,2025-03-11T11:06:35.472Z,2025-03-11T11:06:35Z,20055985971000,5800000000,5800000000,300000000,21000
22023220,984969ff7baa6d663c34accecb464372f3f078a6c201d537d1c5e7d7a45fa705,2025-03-11T11:06:35.444Z,2025-03-11T11:06:35.444Z,2025-03-11T11:06:35Z,20055985971000,5800000000,5800000000,300000000,21000
22023221,2e79838e68299bcb1c03f63f56aaa70765d6ad356c852c553c29b4dae1faae46,2025-03-11T11:06:45.567Z,2025-03-11T11:06:45.567Z,2025-03-11T11:06:47Z,21488679051000,180300000000,180300000000,300000000,21000
22023221,5e397adb8cc0b0918e1f245749eec8c0e4693fba1abeba5d99bb021437c076dd,2025-03-11T11:06:45.562Z,2025-03-11T11:06:45.562Z,2025-03-11T11:06:47Z,120188679051000,5829043798,5829043798,5000000000,21000
22023221,82d1e7640053de4d13b5c8f17acb8eeabbd900f122a45d24287e32a8328f88d3,2025-03-11T11:06:45.472Z,2025-03-11T11:06:45.472Z,2025-03-11T11:06:47Z,21488679051000,180300000000,180300000000,300000000,21000
22023221,e09ea6320af6664d0a44ea8c7f4f48d76528bc66b7b0f35591a3d34c62c9887d,2025-03-11T11:06:45.296Z,2025-03-11T11:06:45.296Z,2025-03-11T11:06:47Z,950458533228321,10665046951,10665046951,10000000,1296191
22023221,60153e8f2b6cd426928cabae9d90898a5a7365cb3c2c1f6ef92a89890b5f3346,2025-03-11T11:06:45.139Z,2025-03-11T11:06:45.139Z,2025-03-11T11:06:47Z,120188679051000,5829043798,5829043798,5000000000,21000
22023221,9d68ed207de2b3db60be3506a2a6cda5ef2ef44130fc3bedd85e844a2df35a28,2025-03-11T11:06:45.069Z,2025-03-11T11:06:45.069Z,2025-03-11T11:06:47Z,255288627020336,5655986951,5655986951,5000000000,45136
22023221,73b852a43f4015f2c3fb019e6e870d49b27bc392e638455ac3af83ad635f9e03,2025-03-11T11:06:44.419Z,2025-03-11T11:06:44.419Z,2025-03-11T11:06:47Z,172198409673079,999000000000,999000000000,2001000000,63209
22023221,f0368a40bb3036abd2154321e100a0b351ec1a0b5d8dffafe57504d01dd8c518,2025-03-11T11:06:44.296Z,2025-03-11T11:06:44.296Z,2025-03-11T11:06:47Z,21488679051000,180300000000,180300000000,300000000,21000
22023221,7c27168150e69ad150606a9dfd598aec2f5cb6dc65a3aaf9f45eac30ca31ca4b,2025-03-11T11:06:44.283Z,2025-03-11T11:06:44.283Z,2025-03-11T11:06:47Z,21488679051000,180300000000,180300000000,300000000,21000
22023221,e4cf1e2cacac367623b987954ca1f038883cb35cd983ac6d676b234e99d11f50,2025-03-11T11:06:43.441Z,2025-03-11T11:06:43.441Z,2025-03-11T11:06:47Z,21488679051000,180300000000,180300000000,300000000,21000
22023222,39a31ffc0b0600e94762d9904bf8d1ba835510c8a210b9122943e2d1a04ace59,2025-03-11T11:06:49.108Z,2025-03-11T11:06:49.108Z,2025-03-11T11:06:59Z,56897270451000,200000000000,200000000000,2000000000,21000
22023221,ff75e1f576dbdaa9ed2e6d77fbddc0e0c0d54b4e2710f83fbd919409e672b575,2025-03-11T11:06:47.979Z,2025-03-11T11:06:47.979Z,2025-03-11T11:06:47Z,125599955548151,102000000000,102000000000,2000000000,46121
22023221,4b2411c1ca8fb393895e062165a47639cfe50fd03ee7e20fa63b3f2647fc98a3,2025-03-11T11:06:47.518Z,2025-03-11T11:06:47.518Z,2025-03-11T11:06:47Z,169583496279232,102000000000,102000000000,2000000000,62272
22023221,46408a71201b3ddc80912f7651c6881b2471341e898787c51161f756c3aaa331,2025-03-11T11:06:47.514Z,2025-03-11T11:06:47.514Z,2025-03-11T11:06:47Z,122982892663960,102000000000,102000000000,2000000000,45160
